user_id,date,steps,sleep_min,workout_duration_min_tot,weight,calories_burned,calories_consumed,weight_ma_3,weight_ma_5,weight_ma_7,steps_ma_3,steps_ma_5,steps_ma_7,calories_consumed_ma_3,calories_consumed_ma_5,calories_consumed_ma_7,calories_burned_ma_3,calories_burned_ma_5,calories_burned_ma_7,sleep_min_ma_3,sleep_min_ma_5,sleep_min_ma_7,workout_duration_min_tot_ma_3,workout_duration_min_tot_ma_5,workout_duration_min_tot_ma_7,bmi,bmr,tdee,energy_balance,sleep_hours,workout_hours,etl_processed_at,etl_version
,04/08/2025,8754.0,357,121.0,74.0,3148.0,2598.0,74.0,74.0,74.0,8754.0,8754.0,8754.0,2598.0,2598.0,2598.0,3148.0,3148.0,3148.0,357.0,357.0,357.0,121.0,121.0,121.0,21.62162162162162,1736.25,2691.1875,-550.0,5.95,2.0166666666666666,2025-10-30T12:58:29.948171,1.0.0
,05/08/2025,9184.0,443,127.0,73.8,3176.0,2608.0,73.9,73.9,73.9,8969.0,8969.0,8969.0,2603.0,2603.0,2603.0,3162.0,3162.0,3162.0,400.0,400.0,400.0,124.0,124.0,124.0,21.563184806428048,1734.25,2688.0875,-568.0,7.383333333333334,2.1166666666666667,2025-10-30T12:58:29.948171,1.0.0
,06/08/2025,6810.0,445,54.0,73.7,2701.0,2610.0,73.83333333333333,73.83333333333333,73.83333333333333,8249.333333333334,8249.333333333334,8249.333333333334,2605.3333333333335,2605.3333333333335,2605.3333333333335,3008.3333333333335,3008.3333333333335,3008.3333333333335,415.0,415.0,415.0,100.66666666666667,100.66666666666667,100.66666666666667,21.53396639883126,1733.25,2686.5375,-91.0,7.416666666666667,0.9,2025-10-30T12:58:29.948171,1.0.0
,07/08/2025,9321.0,473,128.0,74.2,3449.0,3007.0,73.89999999999999,73.925,73.925,8438.333333333334,8517.25,8517.25,2741.6666666666665,2705.75,2705.75,3108.6666666666665,3118.5,3118.5,453.6666666666667,429.5,429.5,103.0,107.5,107.5,21.68005843681519,1738.25,2694.2875,-442.0,7.883333333333334,2.1333333333333333,2025-10-30T12:58:29.948171,1.0.0
,08/08/2025,14292.0,445,153.0,73.1,3174.0,2758.0,73.66666666666667,73.76,73.76,10141.0,9672.2,9672.2,2791.6666666666665,2716.2,2716.2,3108.0,3129.6,3129.6,454.3333333333333,432.6,432.6,111.66666666666667,116.6,116.6,21.358655953250544,1727.25,2677.2375,-416.0,7.416666666666667,2.55,2025-10-30T12:58:29.948171,1.0.0
,09/08/2025,17114.0,504,124.0,73.7,3073.0,2780.0,73.66666666666667,73.7,73.75,13575.666666666666,11344.2,10912.5,2848.3333333333335,2752.6,2726.8333333333335,3232.0,3114.6,3120.1666666666665,474.0,462.0,444.5,135.0,117.2,117.83333333333333,21.53396639883126,1733.25,2686.5375,-293.0,8.4,2.066666666666667,2025-10-30T12:58:29.948171,1.0.0
,10/08/2025,21195.0,471,144.0,73.5,3080.0,2662.0,73.43333333333334,73.64,73.71428571428571,17533.666666666668,13746.4,12381.42857142857,2733.3333333333335,2763.4,2717.5714285714284,3109.0,3095.4,3114.4285714285716,473.3333333333333,467.6,448.2857142857143,140.33333333333334,120.6,121.57142857142857,21.47552958363769,1731.25,2683.4375,-418.0,7.85,2.4,2025-10-30T12:58:29.948171,1.0.0
,11/08/2025,11426.0,496,143.0,73.5,3147.0,2788.0,73.56666666666666,73.6,73.64285714285714,16578.333333333332,14669.6,12763.142857142857,2743.3333333333335,2799.0,2744.714285714286,3100.0,3184.6,3114.285714285714,490.3333333333333,477.8,468.14285714285717,137.0,138.4,124.71428571428571,21.47552958363769,1731.25,2683.4375,-359.0,8.266666666666667,2.3833333333333333,2025-10-30T12:58:29.948171,1.0.0
,12/08/2025,11094.0,449,102.0,73.6,2977.0,3140.0,73.53333333333333,73.47999999999999,73.61428571428571,14571.666666666666,15024.2,13036.0,2863.3333333333335,2825.6,2820.714285714286,3068.0,3090.2,3085.8571428571427,472.0,473.0,469.0,129.66666666666666,133.2,121.14285714285714,21.504747991234474,1732.25,2684.9875,163.0,7.483333333333333,1.7,2025-10-30T12:58:29.948171,1.0.0
,13/08/2025,11648.0,447,117.0,74.5,3001.0,1948.0,73.86666666666666,73.75999999999999,73.72857142857143,11389.333333333334,14495.4,13727.142857142857,2625.3333333333335,2663.6,2726.1428571428573,3041.6666666666665,3055.6,3128.714285714286,464.0,473.4,469.2857142857143,120.66666666666667,126.0,130.14285714285714,21.76771365960555,1741.25,2698.9375,-1053.0,7.45,1.95,2025-10-30T12:58:29.948171,1.0.0
,14/08/2025,9279.0,411,58.0,73.8,2735.0,2906.0,73.96666666666665,73.78,73.67142857142858,10673.666666666666,12928.4,13721.142857142857,2664.6666666666665,2688.8,2711.714285714286,2904.3333333333335,2988.0,3026.714285714286,435.6666666666667,454.8,460.42857142857144,92.33333333333333,112.8,120.14285714285714,21.563184806428048,1734.25,2688.0875,171.0,6.85,0.9666666666666667,2025-10-30T12:58:29.948171,1.0.0
,15/08/2025,10102.0,430,50.0,74.2,2474.0,2717.0,74.16666666666667,73.92,73.82857142857142,10343.0,10709.8,13122.57142857143,2523.6666666666665,2699.8,2705.8571428571427,2736.6666666666665,2866.8,2926.714285714286,429.3333333333333,446.6,458.2857142857143,75.0,94.0,105.42857142857143,21.68005843681519,1738.25,2694.2875,243.0,7.166666666666667,0.8333333333333334,2025-10-30T12:58:29.948171,1.0.0
,16/08/2025,13906.0,275,129.0,73.6,3064.0,2892.0,73.86666666666666,73.94,73.81428571428572,11095.666666666666,11205.8,12664.285714285714,2838.3333333333335,2720.6,2721.8571428571427,2757.6666666666665,2850.2,2925.4285714285716,372.0,402.4,425.57142857142856,79.0,91.2,106.14285714285714,21.504747991234474,1732.25,2684.9875,-172.0,4.583333333333333,2.15,2025-10-30T12:58:29.948171,1.0.0
,17/08/2025,15097.0,495,93.0,73.6,2772.0,,73.8,73.94000000000001,73.82857142857142,13035.0,12006.4,11793.142857142857,2804.5,2615.75,2731.8333333333335,2770.0,2809.2,2881.4285714285716,400.0,411.6,429.0,90.66666666666667,89.4,98.85714285714286,21.504747991234474,1732.25,2684.9875,,8.25,1.55,2025-10-30T12:58:29.948171,1.0.0
,18/08/2025,12528.0,418,135.0,73.2,2953.0,2779.0,73.46666666666665,73.68,73.78571428571429,13843.666666666666,12182.4,11950.57142857143,2835.5,2823.5,2730.3333333333335,2929.6666666666665,2799.6,2853.714285714286,396.0,405.8,417.85714285714283,119.0,93.0,97.71428571428571,21.387874360847334,1728.25,2678.7875,-174.0,6.966666666666667,2.25,2025-10-30T12:58:29.948171,1.0.0
,19/08/2025,11928.0,491,129.0,73.0,3142.0,2770.0,73.26666666666667,73.52000000000001,73.7,13184.333333333334,12712.2,12069.714285714286,2774.5,2789.5,2668.6666666666665,2955.6666666666665,2881.0,2877.285714285714,468.0,421.8,423.85714285714283,119.0,107.2,101.57142857142857,21.32943754565376,1726.25,2675.6875,-372.0,8.183333333333334,2.15,2025-10-30T12:58:29.948171,1.0.0
,20/08/2025,17466.0,446,110.0,73.2,2890.0,2815.0,73.13333333333334,73.32,73.5142857142857,13974.0,14185.0,12900.857142857143,2788.0,2814.0,2813.1666666666665,2995.0,2964.2,2861.4285714285716,451.6666666666667,425.0,423.7142857142857,124.66666666666667,119.2,100.57142857142857,21.387874360847334,1728.25,2678.7875,-75.0,7.433333333333334,1.8333333333333333,2025-10-30T12:58:29.948171,1.0.0
,21/08/2025,18252.0,394,172.0,72.8,3074.0,2831.0,73.0,73.16,73.37142857142858,15882.0,15054.2,14182.714285714286,2805.3333333333335,2798.75,2800.6666666666665,3035.3333333333335,2966.2,2909.8571428571427,443.6666666666667,448.8,421.2857142857143,137.0,127.8,116.85714285714286,21.271000730460187,1724.25,2672.5875,-243.0,6.566666666666666,2.8666666666666667,2025-10-30T12:58:29.948171,1.0.0
,22/08/2025,19287.0,441,171.0,73.0,3211.0,2855.0,73.0,73.04,73.2,18335.0,15892.2,15494.857142857143,2833.6666666666665,2810.0,2823.6666666666665,3058.3333333333335,3054.0,3015.1428571428573,427.0,438.0,422.85714285714283,151.0,143.4,134.14285714285714,21.32943754565376,1726.25,2675.6875,-356.0,7.35,2.85,2025-10-30T12:58:29.948171,1.0.0
,23/08/2025,18203.0,492,138.0,72.4,3442.0,3419.0,72.73333333333333,72.88,73.02857142857142,18580.666666666668,17027.2,16108.714285714286,3035.0,2938.0,2911.5,3242.3333333333335,3151.8,3069.1428571428573,442.3333333333333,452.8,453.85714285714283,160.33333333333334,144.0,135.42857142857142,21.154127100073044,1720.25,2666.3875000000003,-23.0,8.2,2.3,2025-10-30T12:58:29.948171,1.0.0
,24/08/2025,5044.0,552,8.0,73.3,2199.0,,72.89999999999999,72.94,72.9857142857143,14178.0,15650.4,14672.57142857143,3137.0,2980.0,2911.5,2950.6666666666665,2963.2,2987.285714285714,495.0,465.0,462.0,105.66666666666667,119.8,123.28571428571429,21.417092768444117,1729.25,2680.3375,,9.2,0.13333333333333333,2025-10-30T12:58:29.948171,1.0.0
,25/08/2025,15079.0,325,143.0,73.6,3259.0,2798.0,73.1,73.02000000000001,73.04285714285713,12775.333333333334,15173.0,15037.0,3108.5,2975.75,2914.6666666666665,2966.6666666666665,3037.0,3031.0,456.3333333333333,440.8,448.7142857142857,96.33333333333333,126.4,124.42857142857143,21.504747991234474,1732.25,2684.9875,-461.0,5.416666666666667,2.3833333333333333,2025-10-30T12:58:29.948171,1.0.0
,26/08/2025,11656.0,451,147.0,73.1,3312.0,2865.0,73.33333333333333,73.08,73.05714285714285,10593.0,13853.8,14998.142857142857,2831.5,2984.25,2930.5,2923.3333333333335,3084.6,3055.285714285714,442.6666666666667,452.2,443.0,99.33333333333333,121.4,127.0,21.358655953250544,1727.25,2677.2375,-447.0,7.516666666666667,2.45,2025-10-30T12:58:29.948171,1.0.0
,27/08/2025,10309.0,450,135.0,73.3,2996.0,2879.0,73.33333333333333,73.14,73.07142857142857,12348.0,12058.2,13975.714285714286,2847.3333333333335,2990.25,2941.1666666666665,3189.0,3041.6,3070.4285714285716,408.6666666666667,454.0,443.57142857142856,141.66666666666666,114.2,130.57142857142858,21.417092768444117,1729.25,2680.3375,-117.0,7.5,2.25,2025-10-30T12:58:29.948171,1.0.0
,28/08/2025,17486.0,464,177.0,73.0,3176.0,2827.0,73.13333333333333,73.26,73.1,13150.333333333334,11914.8,13866.285714285714,2857.0,2842.25,2940.5,3161.3333333333335,2988.4,3085.0,455.0,448.4,453.57142857142856,153.0,122.0,131.28571428571428,21.32943754565376,1726.25,2675.6875,-349.0,7.733333333333333,2.95,2025-10-30T12:58:29.948171,1.0.0
,29/08/2025,13642.0,454,146.0,72.7,3156.0,3062.0,73.0,73.14,73.05714285714285,13812.333333333334,13634.4,13059.857142857143,2922.6666666666665,2886.2,2975.0,3109.3333333333335,3179.8,3077.1428571428573,456.0,428.8,455.42857142857144,152.66666666666666,149.6,127.71428571428571,21.241782322863404,1723.25,2671.0375,-94.0,7.566666666666666,2.433333333333333,2025-10-30T12:58:29.948171,1.0.0
,30/08/2025,17281.0,433,142.0,73.2,3361.0,2739.0,72.96666666666665,73.06,73.17142857142858,16136.333333333334,14074.8,12928.142857142857,2876.0,2874.4,2861.6666666666665,3231.0,3200.2,3065.5714285714284,450.3333333333333,450.4,447.0,155.0,149.4,128.28571428571428,21.387874360847334,1728.25,2678.7875,-622.0,7.216666666666667,2.3666666666666667,2025-10-30T12:58:29.948171,1.0.0
,31/08/2025,19401.0,422,143.0,73.5,2996.0,2405.0,73.13333333333333,73.14,73.2,16774.666666666668,15623.8,14979.142857142857,2735.3333333333335,2782.4,2796.4285714285716,3171.0,3137.0,3179.4285714285716,436.3333333333333,444.6,428.42857142857144,143.66666666666666,148.6,147.57142857142858,21.47552958363769,1731.25,2683.4375,-591.0,7.033333333333333,2.3833333333333333,2025-10-30T12:58:29.948171,1.0.0
,01/09/2025,6756.0,440,123.0,73.2,3068.0,2918.0,73.3,73.12,73.14285714285714,14479.333333333334,14913.2,13790.142857142857,2687.3333333333335,2790.2,2813.5714285714284,3141.6666666666665,3151.4,3152.1428571428573,431.6666666666667,442.6,444.85714285714283,136.0,146.2,144.71428571428572,21.387874360847334,1728.25,2678.7875,-150.0,7.333333333333333,2.05,2025-10-30T12:58:29.948171,1.0.0
,02/09/2025,16002.0,474,164.0,72.7,3174.0,2934.0,73.13333333333333,73.06,73.08571428571429,14053.0,14616.4,14411.0,2752.3333333333335,2811.6,2823.4285714285716,3079.3333333333335,3151.0,3132.4285714285716,445.3333333333333,444.6,448.14285714285717,143.33333333333334,143.6,147.14285714285714,21.241782322863404,1723.25,2671.0375,-240.0,7.9,2.7333333333333334,2025-10-30T12:58:29.948171,1.0.0
,03/09/2025,15828.0,421,239.0,72.5,4471.0,4100.0,72.8,73.02000000000001,72.97142857142858,12862.0,15053.6,15199.42857142857,3317.3333333333335,3019.2,2997.8571428571427,3571.0,3414.0,3343.1428571428573,445.0,438.0,444.0,175.33333333333334,162.2,162.0,21.18334550766983,1721.25,2667.9375,-371.0,7.016666666666667,3.9833333333333334,2025-10-30T12:58:29.948171,1.0.0
,04/09/2025,10036.0,460,69.0,72.5,2634.0,3297.0,72.56666666666666,72.88000000000001,72.9,13955.333333333334,13604.6,14135.142857142857,3443.6666666666665,3130.8,3065.0,3426.3333333333335,3268.6,3265.714285714286,451.6666666666667,443.4,443.42857142857144,157.33333333333334,147.6,146.57142857142858,21.18334550766983,1721.25,2667.9375,663.0,7.666666666666667,1.15,2025-10-30T12:58:29.948171,1.0.0
,05/09/2025,12285.0,474,98.0,73.0,2789.0,2539.0,72.66666666666667,72.78,72.94285714285715,12716.333333333334,12181.4,13941.285714285714,3312.0,3157.6,2990.285714285714,3298.0,3227.2,3213.285714285714,451.6666666666667,453.8,446.2857142857143,135.33333333333334,138.6,139.71428571428572,21.32943754565376,1726.25,2675.6875,-250.0,7.9,1.6333333333333333,2025-10-30T12:58:29.948171,1.0.0
,06/09/2025,22253.0,436,216.0,72.5,3423.0,2956.0,72.66666666666667,72.64000000000001,72.84285714285714,14858.0,15280.8,14651.57142857143,2930.6666666666665,3165.2,3021.285714285714,2948.6666666666665,3298.2,3222.1428571428573,456.6666666666667,453.0,446.7142857142857,127.66666666666667,157.2,150.28571428571428,21.18334550766983,1721.25,2667.9375,-467.0,7.266666666666667,3.6,2025-10-30T12:58:29.948171,1.0.0
,07/09/2025,20766.0,496,187.0,73.0,3211.0,2923.0,72.83333333333333,72.7,72.77142857142857,18434.666666666668,16233.6,14846.57142857143,2806.0,3163.0,3095.285714285714,3141.0,3305.6,3252.8571428571427,468.6666666666667,457.4,457.2857142857143,167.0,161.8,156.57142857142858,21.32943754565376,1726.25,2675.6875,-288.0,8.266666666666667,3.1166666666666667,2025-10-30T12:58:29.948171,1.0.0
,08/09/2025,10229.0,462,181.0,72.5,4044.0,3646.0,72.66666666666667,72.7,72.67142857142858,17749.333333333332,15113.8,15342.714285714286,3175.0,3072.2,3199.285714285714,3559.3333333333335,3220.2,3392.285714285714,464.6666666666667,465.6,460.42857142857144,194.66666666666666,150.2,164.85714285714286,21.18334550766983,1721.25,2667.9375,-398.0,7.7,3.0166666666666666,2025-10-30T12:58:29.948171,1.0.0
,09/09/2025,13219.0,384,157.0,72.5,3114.0,2902.0,72.66666666666667,72.7,72.64285714285714,14738.0,15750.4,14945.142857142857,3157.0,2993.2,3194.714285714286,3456.3333333333335,3316.2,3383.714285714286,447.3333333333333,450.4,447.57142857142856,175.0,167.8,163.85714285714286,21.18334550766983,1721.25,2667.9375,-212.0,6.4,2.6166666666666667,2025-10-30T12:58:29.948171,1.0.0
,10/09/2025,13239.0,440,154.0,72.5,3102.0,2782.0,72.5,72.6,72.64285714285714,12229.0,15941.2,14575.285714285714,3110.0,3041.8,3006.4285714285716,3420.0,3378.8,3188.1428571428573,428.6666666666667,443.6,450.2857142857143,164.0,179.0,151.71428571428572,21.18334550766983,1721.25,2667.9375,-320.0,7.333333333333333,2.566666666666667,2025-10-30T12:58:29.948171,1.0.0
,11/09/2025,15034.0,464,131.0,72.5,2964.0,2768.0,72.5,72.6,72.64285714285714,13830.666666666666,14497.4,15289.285714285714,2817.3333333333335,3004.2,2930.8571428571427,3060.0,3287.0,3235.285714285714,429.3333333333333,449.2,450.85714285714283,147.33333333333334,162.0,160.57142857142858,21.18334550766983,1721.25,2667.9375,-196.0,7.733333333333333,2.183333333333333,2025-10-30T12:58:29.948171,1.0.0
,12/09/2025,9965.0,436,154.0,72.5,3233.0,2799.0,72.5,72.5,72.57142857142857,12746.0,12337.2,14957.857142857143,2783.0,2979.4,2968.0,3099.6666666666665,3291.4,3298.714285714286,446.6666666666667,437.2,445.42857142857144,146.33333333333334,155.4,168.57142857142858,21.18334550766983,1721.25,2667.9375,-434.0,7.266666666666667,2.566666666666667,2025-10-30T12:58:29.948171,1.0.0
,13/09/2025,20350.0,489,194.0,72.1,3366.0,2751.0,72.36666666666667,72.41999999999999,72.5142857142857,15116.333333333334,14361.4,14686.0,2772.6666666666665,2800.4,2938.714285714286,3187.6666666666665,3155.8,3290.5714285714284,463.0,442.6,453.0,159.66666666666666,158.0,165.42857142857142,21.066471877282684,1717.25,2661.7375,-615.0,8.15,3.2333333333333334,2025-10-30T12:58:29.948171,1.0.0
,14/09/2025,23982.0,451,158.0,72.1,3096.0,2724.0,72.23333333333333,72.34,72.38571428571429,18099.0,16514.0,15145.42857142857,2758.0,2764.8,2910.285714285714,3231.6666666666665,3152.2,3274.1428571428573,458.6666666666667,456.0,446.57142857142856,168.66666666666666,158.2,161.28571428571428,21.066471877282684,1717.25,2661.7375,-372.0,7.516666666666667,2.6333333333333333,2025-10-30T12:58:29.948171,1.0.0
,15/09/2025,11224.0,492,200.0,72.1,3840.0,3755.0,72.1,72.25999999999999,72.32857142857142,18518.666666666668,16111.0,15287.57142857143,3076.6666666666665,2959.4,2925.8571428571427,3434.0,3299.8,3245.0,477.3333333333333,466.4,450.85714285714283,184.0,167.4,164.0,21.066471877282684,1717.25,2661.7375,-85.0,8.2,3.3333333333333335,2025-10-30T12:58:29.948171,1.0.0
,16/09/2025,11053.0,417,162.0,72.1,3033.0,2769.0,72.1,72.17999999999999,72.27142857142857,15419.666666666666,15314.8,14978.142857142857,3082.6666666666665,2959.6,2906.8571428571427,3323.0,3313.6,3233.4285714285716,453.3333333333333,457.0,455.57142857142856,173.33333333333334,173.6,164.71428571428572,21.066471877282684,1717.25,2661.7375,-264.0,6.95,2.7,2025-10-30T12:58:29.948171,1.0.0
,17/09/2025,8244.0,489,150.0,72.5,3030.0,3193.0,72.23333333333333,72.17999999999999,72.27142857142857,10173.666666666666,14970.6,14264.57142857143,3239.0,3038.4,2965.5714285714284,3301.0,3273.0,3223.1428571428573,466.0,467.6,462.57142857142856,170.66666666666666,172.8,164.14285714285714,21.18334550766983,1721.25,2667.9375,163.0,8.15,2.5,2025-10-30T12:58:29.948171,1.0.0
,18/09/2025,21783.0,453,141.0,73.2,3019.0,2639.0,72.6,72.4,72.37142857142857,13693.333333333334,15257.2,15228.714285714286,2867.0,3016.0,2947.1428571428573,3027.3333333333335,3203.6,3231.0,453.0,460.4,461.0,151.0,162.2,165.57142857142858,21.387874360847334,1728.25,2678.7875,-380.0,7.55,2.35,2025-10-30T12:58:29.948171,1.0.0
,19/09/2025,13304.0,487,184.0,73.2,3157.0,2673.0,72.96666666666665,72.61999999999999,72.47142857142856,14443.666666666666,13121.6,15705.714285714286,2835.0,3005.8,2929.1428571428573,3068.6666666666665,3215.8,3220.1428571428573,476.3333333333333,467.6,468.2857142857143,158.33333333333334,167.4,169.85714285714286,21.387874360847334,1728.25,2678.7875,-484.0,8.116666666666667,3.066666666666667,2025-10-30T12:58:29.948171,1.0.0
,20/09/2025,19895.0,486,167.0,72.1,3199.0,3718.0,72.83333333333333,72.62,72.47142857142858,18327.333333333332,14855.8,15640.714285714286,3010.0,2998.4,3067.285714285714,3125.0,3087.6,3196.285714285714,475.3333333333333,466.4,467.85714285714283,164.0,160.8,166.0,21.066471877282684,1717.25,2661.7375,519.0,8.1,2.783333333333333,2025-10-30T12:58:29.948171,1.0.0
,21/09/2025,22466.0,441,110.0,73.0,2987.0,2001.0,72.76666666666667,72.8,72.6,18555.0,17138.4,15424.142857142857,2797.3333333333335,2844.8,2964.0,3114.3333333333335,3078.4,3180.714285714286,471.3333333333333,471.2,466.42857142857144,153.66666666666666,150.4,159.14285714285714,21.32943754565376,1726.25,2675.6875,-986.0,7.35,1.8333333333333333,2025-10-30T12:58:29.948171,1.0.0
,22/09/2025,8056.0,430,108.0,72.3,2729.0,2201.0,72.46666666666667,72.75999999999999,72.62857142857142,16805.666666666668,17100.8,14971.57142857143,2640.0,2646.4,2742.0,2971.6666666666665,3018.2,3022.0,452.3333333333333,459.4,457.57142857142856,128.33333333333334,142.0,146.0,21.124908692476257,1719.25,2664.8375,-528.0,7.166666666666667,1.8,2025-10-30T12:58:29.948171,1.0.0
,23/09/2025,8979.0,506,108.0,71.9,2769.0,2647.0,72.4,72.5,72.6,13167.0,14540.0,14675.285714285714,2283.0,2648.0,2724.5714285714284,2828.3333333333335,2968.2,2984.285714285714,459.0,470.0,470.2857142857143,108.66666666666667,135.4,138.28571428571428,21.008035062089117,1715.25,2658.6375000000003,-122.0,8.433333333333334,1.8,2025-10-30T12:58:29.948171,1.0.0
,24/09/2025,11747.0,452,84.0,71.9,2654.0,2976.0,72.03333333333333,72.24000000000001,72.51428571428572,9594.0,14228.6,15175.714285714286,2608.0,2708.6,2693.5714285714284,2717.3333333333335,2867.6,2930.5714285714284,462.6666666666667,463.0,465.0,100.0,115.4,128.85714285714286,21.008035062089117,1715.25,2658.6375000000003,322.0,7.533333333333333,1.4,2025-10-30T12:58:29.948171,1.0.0
,25/09/2025,,510,,72.5,,,72.10000000000001,72.32000000000001,72.41428571428571,10363.0,12812.0,14074.5,2811.5,2456.25,2702.6666666666665,2711.5,2784.75,2915.8333333333335,489.3333333333333,467.8,473.14285714285717,96.0,102.5,126.83333333333333,21.18334550766983,1721.25,2667.9375,,8.5,,2025-10-30T12:58:29.948171,1.0.0
