date,session,exercise_order,exercise,target,set_number,weight,reps,rir,note
19/07/2026,Upper A,1,Tirage vertical prise large,4×8-10,1,54,12,3,
19/07/2026,Upper A,1,Tirage vertical prise large,4×8-10,2,54,11,2,
19/07/2026,Upper A,1,Tirage vertical prise large,4×8-10,3,54,10,2,
19/07/2026,Upper A,1,Tirage vertical prise large,4×8-10,4,54,10,2,
19/07/2026,Upper A,2,Tirage horizontal prise serré,4×10,1,47,12,1,Basic fit machine dos horizontally spe
19/07/2026,Upper A,2,Tirage horizontal prise serré,4×10,2,52,8,1,Basic fit machine dos horizontally spe
19/07/2026,Upper A,2,Tirage horizontal prise serré,4×10,3,52,8,1,Basic fit machine dos horizontally spe
19/07/2026,Upper A,2,Tirage horizontal prise serré,4×10,4,52,6,1,Basic fit machine dos horizontally spe
19/07/2026,Upper A,3,Développé couché barre,4×5-8,1,62.5,8,0,
19/07/2026,Upper A,3,Développé couché barre,4×5-8,2,62.5,6,1,
19/07/2026,Upper A,3,Développé couché barre,4×5-8,3,62.5,5,1,
19/07/2026,Upper A,3,Développé couché barre,4×5-8,4,62.5,5,0,
19/07/2026,Upper A,4,Tirage vertical unilatéral,3×10,1,41,10,2,41kg sur machine poulis basic fit - poids effectif est poids machine divisé par deux
19/07/2026,Upper A,4,Tirage vertical unilatéral,3×10,2,41,10,2,41kg sur machine poulis basic fit - poids effectif est poids machine divisé par deux
19/07/2026,Upper A,4,Tirage vertical unilatéral,3×10,3,45,9,1,41kg sur machine poulis basic fit - poids effectif est poids machine divisé par deux
19/07/2026,Upper A,5,Dips (lestés ou BW),3×8-10,1,0,8,2,
19/07/2026,Upper A,5,Dips (lestés ou BW),3×8-10,2,0,9,2,
19/07/2026,Upper A,5,Dips (lestés ou BW),3×8-10,3,0,8,1,
19/07/2026,Upper A,6,Shrug barre,3×12-15,1,80,8,1,
19/07/2026,Upper A,6,Shrug barre,3×12-15,2,80,6,0,
19/07/2026,Upper A,6,Shrug barre,3×12-15,3,80,6,1,
19/07/2026,Upper A,7,Élévations latérales,3×12-15,1,6,16,10,
19/07/2026,Upper A,7,Élévations latérales,3×12-15,2,6,16,5,
19/07/2026,Upper A,7,Élévations latérales,3×12-15,3,6,16,5,
20/07/2026,Lower A,1,Back squat barre,4×5-8,1,70,5,2,Focus on perfect technical and mouvment
20/07/2026,Lower A,1,Back squat barre,4×5-8,2,70,5,3,Focus on perfect technical and mouvment
20/07/2026,Lower A,1,Back squat barre,4×5-8,3,70,5,2,Focus on perfect technical and mouvment
20/07/2026,Lower A,1,Back squat barre,4×5-8,4,70,5,2,Focus on perfect technical and mouvment
20/07/2026,Lower A,1,Back squat barre,4×5-8,5,70,5,2,Focus on perfect technical and mouvment
20/07/2026,Lower A,2,Bulgarian split squat,4×10/leg,1,30,9,1,
20/07/2026,Lower A,2,Bulgarian split squat,4×10/leg,2,30,9,1,
20/07/2026,Lower A,2,Bulgarian split squat,4×10/leg,3,30,9,0,
20/07/2026,Lower A,3,Romanian deadlift barre,4×8,1,50,8,3,"start light, ramping"
20/07/2026,Lower A,3,Romanian deadlift barre,4×8,2,50,8,3,"start light, ramping"
20/07/2026,Lower A,3,Romanian deadlift barre,4×8,3,50,8,2,"start light, ramping"
20/07/2026,Lower A,3,Romanian deadlift barre,4×8,4,50,8,2,"start light, ramping"
20/07/2026,Lower A,4,Weighted jackknife,4×12,1,34,12,2,34 kg → 36 when 4×12 clean
20/07/2026,Lower A,4,Weighted jackknife,4×12,2,34,10,1,34 kg → 36 when 4×12 clean
20/07/2026,Lower A,4,Weighted jackknife,4×12,3,34,9,0,34 kg → 36 when 4×12 clean
20/07/2026,Lower A,5,Russian twist,3×20,1,22,18,4,default 20 kg
20/07/2026,Lower A,5,Russian twist,3×20,2,22,16,3,default 20 kg
20/07/2026,Lower A,5,Russian twist,3×20,3,22,16,2,default 20 kg
20/07/2026,Lower A,6,Sit-ups feet on ground (optionnel),1×25,1,0,25,0,"slow finisher, optional"
21/07/2026,Upper B,1,Standing OHP barbell,4×5-8,1,30,8,2,
21/07/2026,Upper B,1,Standing OHP barbell,4×5-8,2,30,8,2,
21/07/2026,Upper B,1,Standing OHP barbell,4×5-8,3,30,8,1,
21/07/2026,Upper B,1,Standing OHP barbell,4×5-8,4,30,7,0,
21/07/2026,Upper B,2,Shoulder press machine (optionnel),3×8-12,1,30,9,0,"si machine dispo — seulement 1 series en drop set avec 15kg chaque côté , 2-3s eccentric"
21/07/2026,Upper B,3,Élévations latérales,4×10-15,1,7,20,2,"lead elbow, pause 1s top dernière séries en drop set 4kg"
21/07/2026,Upper B,3,Élévations latérales,4×10-15,2,8,12,1,"lead elbow, pause 1s top dernière séries en drop set 4kg"
21/07/2026,Upper B,3,Élévations latérales,4×10-15,3,8,11,1,"lead elbow, pause 1s top dernière séries en drop set 4kg"
21/07/2026,Upper B,3,Élévations latérales,4×10-15,4,8,11,0,"lead elbow, pause 1s top dernière séries en drop set 4kg"
21/07/2026,Upper B,4,Rear delt cable fly,3×12-15,1,4.5,15,1,
21/07/2026,Upper B,4,Rear delt cable fly,3×12-15,2,4.5,14,1,
21/07/2026,Upper B,4,Rear delt cable fly,3×12-15,3,4.5,15,1,
21/07/2026,Upper B,5,Curl pupitre,4×10,1,14,12,1,"Machine pas dispo - curl un seul bras , avec bras arrière poulis"
21/07/2026,Upper B,5,Curl pupitre,4×10,2,14,10,1,"Machine pas dispo - curl un seul bras , avec bras arrière poulis"
21/07/2026,Upper B,6,Overhead triceps,4×10,1,32,11,1,
21/07/2026,Upper B,6,Overhead triceps,4×10,2,32,7,0,
21/07/2026,Upper B,6,Overhead triceps,4×10,3,27,9,1,
21/07/2026,Upper B,6,Overhead triceps,4×10,4,27,9,1,
21/07/2026,Upper B,7,Curl allongé poulie basse,4×10,1,45,12,1,Sur poulis poids divisé par deux 
21/07/2026,Upper B,7,Curl allongé poulie basse,4×10,2,45,11,1,Sur poulis poids divisé par deux 
21/07/2026,Upper B,7,Curl allongé poulie basse,4×10,3,45,10,1,Sur poulis poids divisé par deux 
21/07/2026,Upper B,7,Curl allongé poulie basse,4×10,4,45,9,1,Sur poulis poids divisé par deux 
21/07/2026,Upper B,8,Triceps barre poulie haute,4×10,1,45,10,2,Poids à diviser par deux car poulis rapport 2:1
21/07/2026,Upper B,8,Triceps barre poulie haute,4×10,2,45,10,1,Poids à diviser par deux car poulis rapport 2:1
21/07/2026,Upper B,8,Triceps barre poulie haute,4×10,3,45,10,2,Poids à diviser par deux car poulis rapport 2:1
21/07/2026,Upper B,8,Triceps barre poulie haute,4×10,4,45,10,2,Poids à diviser par deux car poulis rapport 2:1
23/07/2026,Upper C,1,Pull-ups (BW ou lestés),4×max (5-8),1,0,7,1,FRESH first — hardest movement
23/07/2026,Upper C,1,Pull-ups (BW ou lestés),4×max (5-8),2,0,6,1,FRESH first — hardest movement
23/07/2026,Upper C,1,Pull-ups (BW ou lestés),4×max (5-8),3,0,6,1,FRESH first — hardest movement
23/07/2026,Upper C,1,Pull-ups (BW ou lestés),4×max (5-8),4,0,6,1,FRESH first — hardest movement
23/07/2026,Upper C,2,Développé incliné haltères,3×8-10,1,24,9,1,22 kg start
23/07/2026,Upper C,2,Développé incliné haltères,3×8-10,2,24,7,0,22 kg start
23/07/2026,Upper C,2,Développé incliné haltères,3×8-10,3,24,7,1,22 kg start
23/07/2026,Upper C,3,Tirage horizontal prise large,3×10,1,32,15,3,Basic fit - diverging seated row
23/07/2026,Upper C,3,Tirage horizontal prise large,3×10,2,36,15,1,Basic fit - diverging seated row
23/07/2026,Upper C,3,Tirage horizontal prise large,3×10,3,41,13,1,Basic fit - diverging seated row
23/07/2026,Upper C,4,Écarté haltère pec,3×10-12,1,16,12,2,
23/07/2026,Upper C,4,Écarté haltère pec,3×10-12,2,16,12,1,
23/07/2026,Upper C,4,Écarté haltère pec,3×10-12,3,16,9,2,
23/07/2026,Upper C,5,Pull-over cable,3×12,1,27,15,5,"light+slow, feel lat stretch; first cut if long"
23/07/2026,Upper C,5,Pull-over cable,3×12,2,32,12,2,"light+slow, feel lat stretch; first cut if long"
23/07/2026,Upper C,5,Pull-over cable,3×12,3,36,9,1,"light+slow, feel lat stretch; first cut if long"
23/07/2026,Upper C,6,Face pulls,3×12-15,1,32,15,4,Face pull shrug poulis basse
23/07/2026,Upper C,6,Face pulls,3×12-15,2,36,11,2,Face pull shrug poulis basse
23/07/2026,Upper C,6,Face pulls,3×12-15,3,36,10,1,Face pull shrug poulis basse
23/07/2026,Upper C,7,Élévations latérales,3×12-15,1,6,15,3,6kg very slow rythm
23/07/2026,Upper C,7,Élévations latérales,3×12-15,2,6,12,2,6kg very slow rythm
23/07/2026,Upper C,7,Élévations latérales,3×12-15,3,6,12,2,6kg very slow rythm
24/07/2026,Lower B,1,Hack squat,4×10,1,40,11,2,"Dernière séries drop set - 20kg chaque côté - poids machine à vide 47,6kg- séries s’arrête à cause de manque de force mais aussi manque de souffle ."
24/07/2026,Lower B,1,Hack squat,4×10,2,40,8,3,"Dernière séries drop set - 20kg chaque côté - poids machine à vide 47,6kg- séries s’arrête à cause de manque de force mais aussi manque de souffle ."
24/07/2026,Lower B,1,Hack squat,4×10,3,40,6,2,"Dernière séries drop set - 20kg chaque côté - poids machine à vide 47,6kg- séries s’arrête à cause de manque de force mais aussi manque de souffle ."
24/07/2026,Lower B,1,Hack squat,4×10,4,40,4,1,"Dernière séries drop set - 20kg chaque côté - poids machine à vide 47,6kg- séries s’arrête à cause de manque de force mais aussi manque de souffle ."
24/07/2026,Lower B,2,Leg curl allongé,3×10,1,32,15,2,
24/07/2026,Lower B,2,Leg curl allongé,3×10,2,32,12,1,
24/07/2026,Lower B,2,Leg curl allongé,3×10,3,32,10,1,
24/07/2026,Lower B,2,Leg curl allongé,3×10,4,32,10,1,
24/07/2026,Lower B,3,Leg extension,3×10-12,1,66,11,1,
24/07/2026,Lower B,3,Leg extension,3×10-12,2,66,10,2,
24/07/2026,Lower B,3,Leg extension,3×10-12,3,66,10,2,
24/07/2026,Lower B,4,Weighted jackknife,4×12,1,34,12,2,34 kg → 36 when 4×12 clean
24/07/2026,Lower B,4,Weighted jackknife,4×12,2,34,12,1,34 kg → 36 when 4×12 clean
24/07/2026,Lower B,4,Weighted jackknife,4×12,3,34,10,1,34 kg → 36 when 4×12 clean
24/07/2026,Lower B,5,Russian twist,3×20,1,24,16,2,default 20 kg
24/07/2026,Lower B,5,Russian twist,3×20,2,24,16,2,default 20 kg
24/07/2026,Lower B,5,Russian twist,3×20,3,24,16,1,default 20 kg
26/07/2026,Upper A,1,Tirage horizontal prise serré,4×10,1,54,12,1,BF horizontal-row pulley; partial ROM on later reps
26/07/2026,Upper A,1,Tirage horizontal prise serré,4×10,2,54,9,1,BF horizontal-row pulley; partial ROM on later reps
26/07/2026,Upper A,1,Tirage horizontal prise serré,4×10,3,54,8,1,BF horizontal-row pulley; partial ROM on later reps
26/07/2026,Upper A,1,Tirage horizontal prise serré,4×10,4,54,8,1,BF horizontal-row pulley; partial ROM on later reps
26/07/2026,Upper A,2,Tirage vertical prise large,4×8-10,1,47,15,3,
26/07/2026,Upper A,2,Tirage vertical prise large,4×8-10,2,52,13,2,
26/07/2026,Upper A,2,Tirage vertical prise large,4×8-10,3,54,11,1,
26/07/2026,Upper A,2,Tirage vertical prise large,4×8-10,4,54,10,0,
26/07/2026,Upper A,3,Développé couché barre,4×5-8,1,65,7,0,assisted
26/07/2026,Upper A,3,Développé couché barre,4×5-8,2,65,6,0,assisted
26/07/2026,Upper A,3,Développé couché barre,4×5-8,3,65,5,0,assisted
26/07/2026,Upper A,3,Développé couché barre,4×5-8,4,65,4,0,assisted
26/07/2026,Upper A,4,Tirage vertical unilatéral,3×10,1,45,11,2,45kg pulley (~22.5 effective/arm); 2 sets (time)
26/07/2026,Upper A,4,Tirage vertical unilatéral,3×10,2,45,10,2,45kg pulley (~22.5 effective/arm); 2 sets (time)
26/07/2026,Upper A,5,Dips (lestés ou BW),3×8-10,1,0,12,,BW
26/07/2026,Upper A,5,Dips (lestés ou BW),3×8-10,2,0,11,,BW
26/07/2026,Upper A,5,Dips (lestés ou BW),3×8-10,3,0,9,,BW
26/07/2026,Upper A,6,Shrug barre,3×12-15,1,80,9,,"2 rounds (superset w/ élév lat); 80kg — heavy, reps under target"
26/07/2026,Upper A,6,Shrug barre,3×12-15,2,80,8,,"2 rounds (superset w/ élév lat); 80kg — heavy, reps under target"
26/07/2026,Upper A,7,Élévations latérales,3×12-15,1,8,16,,
26/07/2026,Upper A,7,Élévations latérales,3×12-15,2,8,15,,
27/07/2026,Lower A,1,Back squat barre,4×5-8,1,72.5,5,3,
27/07/2026,Lower A,1,Back squat barre,4×5-8,2,72.5,5,2,
27/07/2026,Lower A,1,Back squat barre,4×5-8,3,72.5,5,2,
27/07/2026,Lower A,1,Back squat barre,4×5-8,4,72.5,5,2,
27/07/2026,Lower A,2,Bulgarian split squat,4×10/leg,1,30,10,2,
27/07/2026,Lower A,2,Bulgarian split squat,4×10/leg,2,30,10,1,
27/07/2026,Lower A,2,Bulgarian split squat,4×10/leg,3,30,10,1,
27/07/2026,Lower A,3,Romanian deadlift barre,4×8,1,55,8,3,"start light, ramping"
27/07/2026,Lower A,3,Romanian deadlift barre,4×8,2,55,8,3,"start light, ramping"
27/07/2026,Lower A,3,Romanian deadlift barre,4×8,3,55,8,3,"start light, ramping"
27/07/2026,Lower A,3,Romanian deadlift barre,4×8,4,55,8,3,"start light, ramping"
27/07/2026,Lower A,4,Leg raise slow,1×25,1,,12,,"or 2×15, BW"
27/07/2026,Lower A,5,Sit-ups feet on ground (optionnel),1×25,1,,25,,"slow finisher, optional"
29/07/2026,Upper C,1,Pull-ups (BW ou lestés),4×max (5-8),1,0,8,2,FRESH first — hardest movement
29/07/2026,Upper C,1,Pull-ups (BW ou lestés),4×max (5-8),2,0,7,1,FRESH first — hardest movement
29/07/2026,Upper C,1,Pull-ups (BW ou lestés),4×max (5-8),3,0,6,1,FRESH first — hardest movement
29/07/2026,Upper C,1,Pull-ups (BW ou lestés),4×max (5-8),4,0,5,0,FRESH first — hardest movement
29/07/2026,Upper C,2,Développé incliné haltères,3×8-10,1,24,10,1,La première montée après haltère sur genoux compte comme première rep
29/07/2026,Upper C,2,Développé incliné haltères,3×8-10,2,24,8,1,La première montée après haltère sur genoux compte comme première rep
29/07/2026,Upper C,2,Développé incliné haltères,3×8-10,3,24,7,1,La première montée après haltère sur genoux compte comme première rep
29/07/2026,Upper C,3,Tirage horizontal prise large,3×10,1,41,11,2,order 3-4 flexible by machine
29/07/2026,Upper C,3,Tirage horizontal prise large,3×10,2,41,11,2,order 3-4 flexible by machine
29/07/2026,Upper C,3,Tirage horizontal prise large,3×10,3,41,11,1,order 3-4 flexible by machine
29/07/2026,Upper C,4,Écarté haltère pec,3×10-12,1,16,12,2,
29/07/2026,Upper C,4,Écarté haltère pec,3×10-12,2,16,12,1,
29/07/2026,Upper C,4,Écarté haltère pec,3×10-12,3,16,12,1,
29/07/2026,Upper C,5,Pull-over cable,3×12,1,36,13,2,"light+slow, feel lat stretch; first cut if long"
29/07/2026,Upper C,5,Pull-over cable,3×12,2,36,12,1,"light+slow, feel lat stretch; first cut if long"
29/07/2026,Upper C,5,Pull-over cable,3×12,3,36,11,1,"light+slow, feel lat stretch; first cut if long"
29/07/2026,Upper C,6,Face pulls,3×12-15,1,36,14,2,replaced shrug — rear delt + shoulder health
29/07/2026,Upper C,6,Face pulls,3×12-15,2,40,11,1,replaced shrug — rear delt + shoulder health
29/07/2026,Upper C,6,Face pulls,3×12-15,3,40,10,0,replaced shrug — rear delt + shoulder health
29/07/2026,Upper C,7,Élévations latérales,3×12-15,1,8,15,1,8 kg strict
29/07/2026,Upper C,7,Élévations latérales,3×12-15,2,8,10,1,8 kg strict
29/07/2026,Upper C,7,Élévations latérales,3×12-15,3,8,8,0,8 kg strict
30/07/2026,Lower B,1,Hack squat,4×10,1,40,12,2,Done in basic fit Saint Louis Alsace - hack squat always feel lighter here but I double check this is the exact same machine
30/07/2026,Lower B,1,Hack squat,4×10,2,40,10,1,Done in basic fit Saint Louis Alsace - hack squat always feel lighter here but I double check this is the exact same machine
30/07/2026,Lower B,1,Hack squat,4×10,3,40,9,2,Done in basic fit Saint Louis Alsace - hack squat always feel lighter here but I double check this is the exact same machine
30/07/2026,Lower B,1,Hack squat,4×10,4,40,8,1,Done in basic fit Saint Louis Alsace - hack squat always feel lighter here but I double check this is the exact same machine
30/07/2026,Lower B,2,Leg curl allongé,3×10,1,34,12,2,
30/07/2026,Lower B,2,Leg curl allongé,3×10,2,34,10,1,
30/07/2026,Lower B,2,Leg curl allongé,3×10,3,34,10,1,
30/07/2026,Lower B,3,Leg extension,3×10-12,1,68,10,2,
30/07/2026,Lower B,3,Leg extension,3×10-12,2,68,10,1,
30/07/2026,Lower B,3,Leg extension,3×10-12,3,68,7,0,
30/07/2026,Lower B,4,Weighted jackknife,4×12,1,34,13,1,34 kg → 36 when 4×12 clean
30/07/2026,Lower B,4,Weighted jackknife,4×12,2,34,13,1,34 kg → 36 when 4×12 clean
30/07/2026,Lower B,4,Weighted jackknife,4×12,3,34,11,0,34 kg → 36 when 4×12 clean
30/07/2026,Lower B,5,Russian twist,3×20,1,26,14,1,default 20 kg
30/07/2026,Lower B,5,Russian twist,3×20,2,26,12,2,default 20 kg
30/07/2026,Lower B,6,Leg raise slow,1×25,1,0,15,2,"or 2×15, BW"
30/07/2026,Lower B,7,Sit-ups feet on ground (optionnel),1×25,1,0,10,5,"slow finisher, optional"
31/07/2026,Upper B,1,Standing OHP barbell,4×5-8,1,31.5,8,1,At home and because roof is low I sti down but no back support to be as close as possible as ohp 
31/07/2026,Upper B,1,Standing OHP barbell,4×5-8,2,31.5,7,2,At home and because roof is low I sti down but no back support to be as close as possible as ohp 
31/07/2026,Upper B,1,Standing OHP barbell,4×5-8,3,31.5,6,0,At home and because roof is low I sti down but no back support to be as close as possible as ohp 
31/07/2026,Upper B,1,Standing OHP barbell,4×5-8,4,31.5,7,0,At home and because roof is low I sti down but no back support to be as close as possible as ohp 
31/07/2026,Upper B,2,Élévations latérales,4×10-15,1,8,15,1,"lead elbow, pause 1s top"
31/07/2026,Upper B,2,Élévations latérales,4×10-15,2,8,14,1,"lead elbow, pause 1s top"
31/07/2026,Upper B,2,Élévations latérales,4×10-15,3,8,11,1,"lead elbow, pause 1s top"
31/07/2026,Upper B,2,Élévations latérales,4×10-15,4,8,10,1,"lead elbow, pause 1s top"
31/07/2026,Upper B,3,Rear delt cable fly,3×12-15,1,4.5,14,1,"WARNING : 4,5 kg poids totoal poulis maison"
31/07/2026,Upper B,3,Rear delt cable fly,3×12-15,2,4.5,14,1,"WARNING : 4,5 kg poids totoal poulis maison"
31/07/2026,Upper B,3,Rear delt cable fly,3×12-15,3,4.5,12,1,"WARNING : 4,5 kg poids totoal poulis maison"
31/07/2026,Upper B,4,Curl pupitre,4×10,1,10,12,2,Curl incline banc à la place avec haltère 10kg - slow motion 
31/07/2026,Upper B,4,Curl pupitre,4×10,2,10,10,2,Curl incline banc à la place avec haltère 10kg - slow motion 
31/07/2026,Upper B,4,Curl pupitre,4×10,3,10,9,1,Curl incline banc à la place avec haltère 10kg - slow motion 
31/07/2026,Upper B,4,Curl pupitre,4×10,4,10,8,1,Curl incline banc à la place avec haltère 10kg - slow motion 
31/07/2026,Upper B,5,Overhead triceps,4×10,1,32,10,1,Poulis maison 32kg
31/07/2026,Upper B,5,Overhead triceps,4×10,2,32,9,1,Poulis maison 32kg
31/07/2026,Upper B,5,Overhead triceps,4×10,3,32,9,1,Poulis maison 32kg
31/07/2026,Upper B,5,Overhead triceps,4×10,4,32,9,1,Poulis maison 32kg
31/07/2026,Upper B,6,Curl allongé poulie basse,4×10,1,45,8,1,Poulis garage maison 45kg
31/07/2026,Upper B,6,Curl allongé poulie basse,4×10,2,45,8,1,Poulis garage maison 45kg
31/07/2026,Upper B,6,Curl allongé poulie basse,4×10,3,45,8,1,Poulis garage maison 45kg
31/07/2026,Upper B,6,Curl allongé poulie basse,4×10,4,45,8,0,Poulis garage maison 45kg
31/07/2026,Upper B,7,Triceps barre poulie haute,4×10,1,45,9,1,Poulis maison garage 45kg
31/07/2026,Upper B,7,Triceps barre poulie haute,4×10,2,45,9,1,Poulis maison garage 45kg
31/07/2026,Upper B,7,Triceps barre poulie haute,4×10,3,45,7,1,Poulis maison garage 45kg
31/07/2026,Upper B,7,Triceps barre poulie haute,4×10,4,45,7,1,Poulis maison garage 45kg
31/07/2026,Upper B,8,Reverse curl EZ,3×10,1,30,8,1,Poulis maison 30kg poids total 
31/07/2026,Upper B,8,Reverse curl EZ,3×10,2,30,8,1,Poulis maison 30kg poids total 
31/07/2026,Upper B,8,Reverse curl EZ,3×10,3,30,7,0,Poulis maison 30kg poids total 
31/07/2026,Upper B,9,Hammer curl,3×10,1,12,12,2,
31/07/2026,Upper B,9,Hammer curl,3×10,2,12,12,1,
31/07/2026,Upper B,9,Hammer curl,3×10,3,12,10,1,
02/08/2026,Upper A,1,Tirage vertical prise large,3×8-10,1,54,15,1,Basic fit saint louis - to test same weight in basic fit Martigues - machines looks to be the same 
02/08/2026,Upper A,1,Tirage vertical prise large,3×8-10,2,59,12,1,Basic fit saint louis - to test same weight in basic fit Martigues - machines looks to be the same 
02/08/2026,Upper A,1,Tirage vertical prise large,3×8-10,3,59,10,1,Basic fit saint louis - to test same weight in basic fit Martigues - machines looks to be the same 
02/08/2026,Upper A,2,Tirage horizontal prise serré,3×10,1,52,12,1,"full ROM, no partials"
02/08/2026,Upper A,2,Tirage horizontal prise serré,3×10,2,52,10,1,"full ROM, no partials"
02/08/2026,Upper A,2,Tirage horizontal prise serré,3×10,3,52,10,1,"full ROM, no partials"
02/08/2026,Upper A,3,Développé couché barre,4×5-8,1,65,8,1,With assistance in the sense the guy put the bend under the bar all the time but he said he didn’t help . Overall I am feeling good on pushing . 
02/08/2026,Upper A,3,Développé couché barre,4×5-8,2,65,8,1,With assistance in the sense the guy put the bend under the bar all the time but he said he didn’t help . Overall I am feeling good on pushing . 
02/08/2026,Upper A,3,Développé couché barre,4×5-8,3,65,7,1,With assistance in the sense the guy put the bend under the bar all the time but he said he didn’t help . Overall I am feeling good on pushing . 
02/08/2026,Upper A,3,Développé couché barre,4×5-8,4,65,6,0,With assistance in the sense the guy put the bend under the bar all the time but he said he didn’t help . Overall I am feeling good on pushing . 
02/08/2026,Upper A,4,Tirage vertical unilatéral,3×10,1,45,10,1,
02/08/2026,Upper A,4,Tirage vertical unilatéral,3×10,2,45,10,1,
02/08/2026,Upper A,4,Tirage vertical unilatéral,3×10,3,45,10,0,
02/08/2026,Upper A,5,Dips (lestés ou BW),3×8-10,1,0,13,1,
02/08/2026,Upper A,5,Dips (lestés ou BW),3×8-10,2,0,12,1,
02/08/2026,Upper A,5,Dips (lestés ou BW),3×8-10,3,,10,1,
02/08/2026,Upper A,6,Shrug barre,3×12-15,1,80,12,1,"72.5-75 kg, true superset"
02/08/2026,Upper A,6,Shrug barre,3×12-15,2,80,11,1,"72.5-75 kg, true superset"
02/08/2026,Upper A,6,Shrug barre,3×12-15,3,80,8,1,"72.5-75 kg, true superset"
02/08/2026,Upper A,7,Élévations latérales,3×12-15,1,6,15,4,"8 kg strict, pause 1s top"
02/08/2026,Upper A,7,Élévations latérales,3×12-15,2,8,15,2,"8 kg strict, pause 1s top"
02/08/2026,Upper A,7,Élévations latérales,3×12-15,3,8,12,1,"8 kg strict, pause 1s top"
03/08/2026,Lower A,1,Back squat barre,4×5-8,1,75.5,5,1,Training st home - we have real weight etc and it always feel heavier at home because I have weight “fonte” 
03/08/2026,Lower A,1,Back squat barre,4×5-8,2,75.5,5,1,Training st home - we have real weight etc and it always feel heavier at home because I have weight “fonte” 
03/08/2026,Lower A,1,Back squat barre,4×5-8,3,75.5,5,1,Training st home - we have real weight etc and it always feel heavier at home because I have weight “fonte” 
03/08/2026,Lower A,1,Back squat barre,4×5-8,4,75.5,5,1,Training st home - we have real weight etc and it always feel heavier at home because I have weight “fonte” 
03/08/2026,Lower A,2,Bulgarian split squat,4×10/leg,1,30,12,1,
03/08/2026,Lower A,2,Bulgarian split squat,4×10/leg,2,30,12,1,
03/08/2026,Lower A,2,Bulgarian split squat,4×10/leg,3,30,12,1,
03/08/2026,Lower A,3,Romanian deadlift barre,4×8,1,61.5,8,2,"start light, ramping - this time at home see squat notes . "
03/08/2026,Lower A,3,Romanian deadlift barre,4×8,2,61.5,8,2,"start light, ramping - this time at home see squat notes . "
03/08/2026,Lower A,3,Romanian deadlift barre,4×8,3,61.5,8,2,"start light, ramping - this time at home see squat notes . "
03/08/2026,Lower A,3,Romanian deadlift barre,4×8,4,61.5,7,1,"start light, ramping - this time at home see squat notes . "
04/08/2026,Upper B,1,Standing OHP barbell,4×5-8,1,31.5,8,1,At home again- sit down no back support
04/08/2026,Upper B,1,Standing OHP barbell,4×5-8,2,31.5,8,0,At home again- sit down no back support
04/08/2026,Upper B,1,Standing OHP barbell,4×5-8,3,31.5,7,1,At home again- sit down no back support
04/08/2026,Upper B,1,Standing OHP barbell,4×5-8,4,31.5,7,0,At home again- sit down no back support
04/08/2026,Upper B,2,Élévations latérales,4×10-15,1,8,14,1,"lead elbow, pause 1s top"
04/08/2026,Upper B,2,Élévations latérales,4×10-15,2,8,13,1,"lead elbow, pause 1s top"
04/08/2026,Upper B,2,Élévations latérales,4×10-15,3,8,12,1,"lead elbow, pause 1s top"
04/08/2026,Upper B,2,Élévations latérales,4×10-15,4,8,12,0,"lead elbow, pause 1s top"
04/08/2026,Upper B,3,Rear delt cable fly,3×12-15,1,5,12,1,5kg tôt pouf poulie maison 
04/08/2026,Upper B,3,Rear delt cable fly,3×12-15,2,5,11,1,5kg tôt pouf poulie maison 
04/08/2026,Upper B,3,Rear delt cable fly,3×12-15,3,5,10,0,5kg tôt pouf poulie maison 
04/08/2026,Upper B,4,Curl pupitre,4×10,1,10,12,1,At home we do curl banc incliné 
04/08/2026,Upper B,4,Curl pupitre,4×10,2,10,11,1,At home we do curl banc incliné 
04/08/2026,Upper B,4,Curl pupitre,4×10,3,10,10,1,At home we do curl banc incliné 
04/08/2026,Upper B,4,Curl pupitre,4×10,4,10,9,0,At home we do curl banc incliné 
04/08/2026,Upper B,5,Overhead triceps,4×10,1,32,11,1,
04/08/2026,Upper B,5,Overhead triceps,4×10,2,32,10,1,
04/08/2026,Upper B,5,Overhead triceps,4×10,3,32,10,1,
04/08/2026,Upper B,5,Overhead triceps,4×10,4,32,9,0,
04/08/2026,Upper B,6,Curl allongé poulie basse,4×10,1,45,8,2,
04/08/2026,Upper B,6,Curl allongé poulie basse,4×10,2,45,8,1,
04/08/2026,Upper B,6,Curl allongé poulie basse,4×10,3,45,8,1,
04/08/2026,Upper B,7,Triceps barre poulie haute,4×10,1,45,11,1,
04/08/2026,Upper B,7,Triceps barre poulie haute,4×10,2,45,9,0,
04/08/2026,Upper B,7,Triceps barre poulie haute,4×10,3,45,8,1,
04/08/2026,Upper B,8,Reverse curl EZ,3×10,1,30,10,1,
04/08/2026,Upper B,8,Reverse curl EZ,3×10,2,30,8,1,
04/08/2026,Upper B,9,Hammer curl,3×10,1,12,11,0,
04/08/2026,Upper B,9,Hammer curl,3×10,2,12,8,0,
06/08/2026,Upper C,1,Pull-ups (BW ou lestés),4×max (5-8),1,0,8,1,FRESH first — hardest movement
06/08/2026,Upper C,1,Pull-ups (BW ou lestés),4×max (5-8),2,0,8,0,FRESH first — hardest movement
06/08/2026,Upper C,1,Pull-ups (BW ou lestés),4×max (5-8),3,0,7,0,FRESH first — hardest movement
06/08/2026,Upper C,1,Pull-ups (BW ou lestés),4×max (5-8),4,0,6,0,FRESH first — hardest movement
06/08/2026,Upper C,2,Développé incliné haltères,3×8-10,1,24,10,1,22 kg start
06/08/2026,Upper C,2,Développé incliné haltères,3×8-10,2,24,8,0,22 kg start
06/08/2026,Upper C,2,Développé incliné haltères,3×8-10,3,24,7,0,22 kg start
06/08/2026,Upper C,3,Tirage horizontal prise large,3×10,1,42,11,1,order 3-4 flexible by machine
06/08/2026,Upper C,3,Tirage horizontal prise large,3×10,2,42,11,1,order 3-4 flexible by machine
06/08/2026,Upper C,3,Tirage horizontal prise large,3×10,3,42,11,0,order 3-4 flexible by machine
06/08/2026,Upper C,4,Écarté haltère pec,3×10-12,1,18,10,2,
06/08/2026,Upper C,4,Écarté haltère pec,3×10-12,2,18,10,1,
06/08/2026,Upper C,4,Écarté haltère pec,3×10-12,3,18,8,0,
06/08/2026,Upper C,5,Pull-over cable,3×12,1,36,12,1,"light+slow, feel lat stretch; first cut if long"
06/08/2026,Upper C,5,Pull-over cable,3×12,2,36,12,1,"light+slow, feel lat stretch; first cut if long"
06/08/2026,Upper C,5,Pull-over cable,3×12,3,36,12,1,"light+slow, feel lat stretch; first cut if long"
06/08/2026,Upper C,6,Face pulls,3×12-15,1,40,12,1,replaced shrug — rear delt + shoulder health
06/08/2026,Upper C,6,Face pulls,3×12-15,2,40,12,0,replaced shrug — rear delt + shoulder health
06/08/2026,Upper C,6,Face pulls,3×12-15,3,40,12,0,replaced shrug — rear delt + shoulder health
06/08/2026,Upper C,7,Élévations latérales,3×12-15,1,8,14,1,8 kg strict
06/08/2026,Upper C,7,Élévations latérales,3×12-15,2,8,12,0,8 kg strict
06/08/2026,Upper C,7,Élévations latérales,3×12-15,3,8,9,0,8 kg strict
08/08/2026,Lower B,1,Hack squat,4×10,1,40,12,2,Done in Martigues south basic fit à la troisième série quand j’ai tenté la rep numéro 10 j’ai fait échec je me suis pas arrivé à remonter 
08/08/2026,Lower B,1,Hack squat,4×10,2,40,12,1,Done in Martigues south basic fit à la troisième série quand j’ai tenté la rep numéro 10 j’ai fait échec je me suis pas arrivé à remonter 
08/08/2026,Lower B,1,Hack squat,4×10,3,40,9,0,Done in Martigues south basic fit à la troisième série quand j’ai tenté la rep numéro 10 j’ai fait échec je me suis pas arrivé à remonter 
08/08/2026,Lower B,1,Hack squat,4×10,4,40,5,0,Done in Martigues south basic fit à la troisième série quand j’ai tenté la rep numéro 10 j’ai fait échec je me suis pas arrivé à remonter 
08/08/2026,Lower B,2,Leg curl allongé,3×10,1,36,12,2,
08/08/2026,Lower B,2,Leg curl allongé,3×10,2,36,10,1,
08/08/2026,Lower B,2,Leg curl allongé,3×10,3,36,9,0,
08/08/2026,Lower B,3,Leg extension,3×10-12,1,68,12,1,
08/08/2026,Lower B,3,Leg extension,3×10-12,2,68,12,1,
08/08/2026,Lower B,3,Leg extension,3×10-12,3,68,9,0,
08/08/2026,Lower B,4,Weighted jackknife,4×12,1,36,12,1,34 kg → 36 when 4×12 clean
08/08/2026,Lower B,4,Weighted jackknife,4×12,2,36,12,1,34 kg → 36 when 4×12 clean
08/08/2026,Lower B,4,Weighted jackknife,4×12,3,36,9,0,34 kg → 36 when 4×12 clean
08/08/2026,Lower B,5,Russian twist,3×20,1,26,16,1,default 20 kg
08/08/2026,Lower B,5,Russian twist,3×20,2,26,12,1,default 20 kg
08/08/2026,Lower B,5,Russian twist,3×20,3,26,12,2,default 20 kg
09/08/2026,Upper A,1,Tirage vertical prise large,3×8-10,1,59,12,1,"full ROM, no partials"
09/08/2026,Upper A,1,Tirage vertical prise large,3×8-10,2,59,11,1,"full ROM, no partials"
09/08/2026,Upper A,1,Tirage vertical prise large,3×8-10,3,59,9,0,"full ROM, no partials"
09/08/2026,Upper A,2,Tirage horizontal prise serré,3×10,1,54,8,1,"full ROM, no partials"
09/08/2026,Upper A,2,Tirage horizontal prise serré,3×10,2,54,8,1,"full ROM, no partials"
09/08/2026,Upper A,2,Tirage horizontal prise serré,3×10,3,54,8,1,"full ROM, no partials"
09/08/2026,Upper A,3,Développé couché barre,4×5-8,1,67,5,1,Spotter but this time not help just when I got to failure he take the bar. On the second set the helper help me on the 6th rep but very little 
09/08/2026,Upper A,3,Développé couché barre,4×5-8,2,67,6,0,Spotter but this time not help just when I got to failure he take the bar. On the second set the helper help me on the 6th rep but very little 
09/08/2026,Upper A,3,Développé couché barre,4×5-8,3,67,5,0,Spotter but this time not help just when I got to failure he take the bar. On the second set the helper help me on the 6th rep but very little 
09/08/2026,Upper A,3,Développé couché barre,4×5-8,4,67,4,0,Spotter but this time not help just when I got to failure he take the bar. On the second set the helper help me on the 6th rep but very little 
09/08/2026,Upper A,4,Tirage vertical unilatéral,3×10,1,45,12,2,
09/08/2026,Upper A,4,Tirage vertical unilatéral,3×10,2,45,11,1,
09/08/2026,Upper A,4,Tirage vertical unilatéral,3×10,3,45,10,2,
09/08/2026,Upper A,5,Dips (lestés ou BW),3×8-10,1,5,9,2,
09/08/2026,Upper A,5,Dips (lestés ou BW),3×8-10,2,5,8,1,
09/08/2026,Upper A,5,Dips (lestés ou BW),3×8-10,3,5,7,0,
09/08/2026,Upper A,6,Shrug barre,3×12-15,1,85,9,1,"72.5-75 kg, true superset"
09/08/2026,Upper A,6,Shrug barre,3×12-15,2,85,7,1,"72.5-75 kg, true superset"
09/08/2026,Upper A,6,Shrug barre,3×12-15,3,85,7,0,"72.5-75 kg, true superset"
11/08/2026,Upper B,1,Standing OHP barbell,4×5-8,1,32.5,7,1,"Sitted, at basic fit south of France "
11/08/2026,Upper B,1,Standing OHP barbell,4×5-8,2,32.5,8,0,"Sitted, at basic fit south of France "
11/08/2026,Upper B,1,Standing OHP barbell,4×5-8,3,32.5,6,1,"Sitted, at basic fit south of France "
11/08/2026,Upper B,1,Standing OHP barbell,4×5-8,4,32.5,6,1,"Sitted, at basic fit south of France "
11/08/2026,Upper B,2,Élévations latérales,4×10-15,1,8,14,1,"lead elbow, pause 1s top"
11/08/2026,Upper B,2,Élévations latérales,4×10-15,2,8,12,1,"lead elbow, pause 1s top"
11/08/2026,Upper B,2,Élévations latérales,4×10-15,3,8,11,1,"lead elbow, pause 1s top"
11/08/2026,Upper B,2,Élévations latérales,4×10-15,4,8,11,1,"lead elbow, pause 1s top"
11/08/2026,Upper B,3,Rear delt cable fly,3×12-15,1,7,14,1,"Poulis basic fit 4,5kg + 2,3kg"
11/08/2026,Upper B,3,Rear delt cable fly,3×12-15,2,7,12,0,"Poulis basic fit 4,5kg + 2,3kg"
11/08/2026,Upper B,3,Rear delt cable fly,3×12-15,3,7,12,1,"Poulis basic fit 4,5kg + 2,3kg"
11/08/2026,Upper B,4,Curl pupitre,4×10,1,12,9,1,Curl incline haltère that it’s what I will do every time now because I got a good stretch and I contrôle the mouvement well
11/08/2026,Upper B,4,Curl pupitre,4×10,2,12,7,1,Curl incline haltère that it’s what I will do every time now because I got a good stretch and I contrôle the mouvement well
11/08/2026,Upper B,4,Curl pupitre,4×10,3,10,8,1,Curl incline haltère that it’s what I will do every time now because I got a good stretch and I contrôle the mouvement well
11/08/2026,Upper B,4,Curl pupitre,4×10,4,10,0,0,Curl incline haltère that it’s what I will do every time now because I got a good stretch and I contrôle the mouvement well
11/08/2026,Upper B,5,Overhead triceps,4×10,1,32,11,1,
11/08/2026,Upper B,5,Overhead triceps,4×10,2,32,11,1,
11/08/2026,Upper B,5,Overhead triceps,4×10,3,32,10,1,
11/08/2026,Upper B,5,Overhead triceps,4×10,4,32,9,0,
11/08/2026,Upper B,6,Curl allongé poulie basse,4×10,1,18,13,1,Remplacer par curl pupitre unilatéral machine basic fit 
11/08/2026,Upper B,6,Curl allongé poulie basse,4×10,2,18,10,1,Remplacer par curl pupitre unilatéral machine basic fit 
11/08/2026,Upper B,6,Curl allongé poulie basse,4×10,3,18,9,1,Remplacer par curl pupitre unilatéral machine basic fit 
11/08/2026,Upper B,7,Triceps barre poulie haute,4×10,1,45,11,1,
11/08/2026,Upper B,7,Triceps barre poulie haute,4×10,2,45,11,1,
11/08/2026,Upper B,7,Triceps barre poulie haute,4×10,3,45,10,0,
11/08/2026,Upper B,7,Triceps barre poulie haute,4×10,4,45,9,0,
13/08/2026,Lower A,1,Back squat barre,4×5-8,1,80,5,1,"We can consider the bar was 20kg even if I am not sure - Hotel gym - pas de disque de 2,5kg for next session we kept 75kg or 77kg I can’t t’elle the exact weight of the bar pas sir que la barre olympique fasse 20kg"
13/08/2026,Lower A,1,Back squat barre,4×5-8,2,80,4,1,"We can consider the bar was 20kg even if I am not sure - Hotel gym - pas de disque de 2,5kg for next session we kept 75kg or 77kg I can’t t’elle the exact weight of the bar pas sir que la barre olympique fasse 20kg"
13/08/2026,Lower A,1,Back squat barre,4×5-8,3,80,3,1,"We can consider the bar was 20kg even if I am not sure - Hotel gym - pas de disque de 2,5kg for next session we kept 75kg or 77kg I can’t t’elle the exact weight of the bar pas sir que la barre olympique fasse 20kg"
13/08/2026,Lower A,1,Back squat barre,4×5-8,4,70,8,2,"We can consider the bar was 20kg even if I am not sure - Hotel gym - pas de disque de 2,5kg for next session we kept 75kg or 77kg I can’t t’elle the exact weight of the bar pas sir que la barre olympique fasse 20kg"
13/08/2026,Lower A,2,Bulgarian split squat,4×10/leg,1,28,12,2,Hôtel gym usually I am doing only one dumbell - last time one dumbell of 30kg. This time I am doing two dumbell so when this written 32kg it means I have in each of my hand a weight of 16kg
13/08/2026,Lower A,2,Bulgarian split squat,4×10/leg,2,32,12,2,Hôtel gym usually I am doing only one dumbell - last time one dumbell of 30kg. This time I am doing two dumbell so when this written 32kg it means I have in each of my hand a weight of 16kg
13/08/2026,Lower A,2,Bulgarian split squat,4×10/leg,3,36,12,1,Hôtel gym usually I am doing only one dumbell - last time one dumbell of 30kg. This time I am doing two dumbell so when this written 32kg it means I have in each of my hand a weight of 16kg
13/08/2026,Lower A,3,Romanian deadlift barre,4×8,1,70,7,1,"start light, ramping"
13/08/2026,Lower A,3,Romanian deadlift barre,4×8,2,70,7,1,"start light, ramping"
13/08/2026,Lower A,3,Romanian deadlift barre,4×8,3,70,7,1,"start light, ramping"
13/08/2026,Lower A,3,Romanian deadlift barre,4×8,4,70,6,2,"start light, ramping"
14/08/2026,Upper C,1,Pull-ups (BW ou lestés),4×max (5-8),1,0,8,1,FRESH first — hardest movement
14/08/2026,Upper C,1,Pull-ups (BW ou lestés),4×max (5-8),2,0,8,1,FRESH first — hardest movement
14/08/2026,Upper C,1,Pull-ups (BW ou lestés),4×max (5-8),3,0,8,0,FRESH first — hardest movement
14/08/2026,Upper C,2,Développé incliné haltères,3×8-10,1,24,11,0,I tried 26kg but couldn’t put myself in the stat postuok because it was too heavy
14/08/2026,Upper C,2,Développé incliné haltères,3×8-10,2,24,9,0,I tried 26kg but couldn’t put myself in the stat postuok because it was too heavy
14/08/2026,Upper C,2,Développé incliné haltères,3×8-10,3,24,7,0,I tried 26kg but couldn’t put myself in the stat postuok because it was too heavy
14/08/2026,Upper C,3,Tirage horizontal prise large,3×10,1,45,9,1,order 3-4 flexible by machine
14/08/2026,Upper C,3,Tirage horizontal prise large,3×10,2,45,10,0,order 3-4 flexible by machine
14/08/2026,Upper C,3,Tirage horizontal prise large,3×10,3,45,9,0,order 3-4 flexible by machine
14/08/2026,Upper C,4,Écarté haltère pec,3×10-12,1,18,11,1,
14/08/2026,Upper C,4,Écarté haltère pec,3×10-12,2,18,10,8,
14/08/2026,Upper C,4,Écarté haltère pec,3×10-12,3,18,8,1,
14/08/2026,Upper C,5,Pull-over cable,3×12,1,36,12,2,"light+slow, feel lat stretch; first cut if long"
14/08/2026,Upper C,5,Pull-over cable,3×12,2,38,10,1,"light+slow, feel lat stretch; first cut if long"
14/08/2026,Upper C,5,Pull-over cable,3×12,3,38,10,1,"light+slow, feel lat stretch; first cut if long"
14/08/2026,Upper C,6,Face pulls,3×12-15,1,41,12,1,replaced shrug — rear delt + shoulder health
14/08/2026,Upper C,6,Face pulls,3×12-15,2,41,12,1,replaced shrug — rear delt + shoulder health
14/08/2026,Upper C,7,Élévations latérales,3×12-15,1,8,12,1,8 kg strict
14/08/2026,Upper C,7,Élévations latérales,3×12-15,2,8,12,1,8 kg strict
18/08/2026,Upper A,1,Tirage vertical prise large,3×8-10,1,52,11,1, garage gym
18/08/2026,Upper A,1,Tirage vertical prise large,3×8-10,2,52,9,1, garage gym
18/08/2026,Upper A,1,Tirage vertical prise large,3×8-10,3,52,8,1, garage gym
18/08/2026,Upper A,2,Tirage horizontal prise serré,3×10,1,47,9,1,garage gym with pulley. Poulis fully functional but it feels much more heavier than basic fit so I put 47kg but it is probably equivalent to 54kg at basic fit lets find a way to capture that so I don’t use 47kg at basic fit
18/08/2026,Upper A,2,Tirage horizontal prise serré,3×10,2,47,8,1,garage gym with pulley. Poulis fully functional but it feels much more heavier than basic fit so I put 47kg but it is probably equivalent to 54kg at basic fit lets find a way to capture that so I don’t use 47kg at basic fit
18/08/2026,Upper A,2,Tirage horizontal prise serré,3×10,3,47,7,1,garage gym with pulley. Poulis fully functional but it feels much more heavier than basic fit so I put 47kg but it is probably equivalent to 54kg at basic fit lets find a way to capture that so I don’t use 47kg at basic fit
18/08/2026,Upper A,3,Développé couché barre,4×5-8,1,67.5,5,1,Home gym real steel weight no help last series with stop because 1 failure so 2 reps then I pause the bar then two reps I pause the bar
18/08/2026,Upper A,3,Développé couché barre,4×5-8,2,67.5,5,1,Home gym real steel weight no help last series with stop because 1 failure so 2 reps then I pause the bar then two reps I pause the bar
18/08/2026,Upper A,3,Développé couché barre,4×5-8,3,67.5,5,1,Home gym real steel weight no help last series with stop because 1 failure so 2 reps then I pause the bar then two reps I pause the bar
18/08/2026,Upper A,3,Développé couché barre,4×5-8,4,67.5,2,0,Home gym real steel weight no help. Clean = 2 reps then FAILURE; reached 5 via rest-pause singles (~30s). Logged as 2 (clean) — rest-pause not a straight set
18/08/2026,Upper A,4,Tirage vertical unilatéral,3×10,1,40,15,3,At home so put 40kg
18/08/2026,Upper A,4,Tirage vertical unilatéral,3×10,2,45,8,1,At home so put 40kg
18/08/2026,Upper A,4,Tirage vertical unilatéral,3×10,3,45,8,1,At home so put 40kg
18/08/2026,Upper A,5,Dips (lestés ou BW),3×8-10,1,5,10,1,5kg mais avec poids ceinture 
18/08/2026,Upper A,5,Dips (lestés ou BW),3×8-10,2,5,7,0,5kg mais avec poids ceinture 
18/08/2026,Upper A,5,Dips (lestés ou BW),3×8-10,3,5,7,0,5kg mais avec poids ceinture 
18/08/2026,Upper A,6,Shrug barre,3×12-15,1,85.5,10,1,"72.5-75 kg, true superset"
18/08/2026,Upper A,6,Shrug barre,3×12-15,2,85.5,8,0,"72.5-75 kg, true superset"
18/08/2026,Upper A,6,Shrug barre,3×12-15,3,85.5,8,0,"72.5-75 kg, true superset"
18/08/2026,Upper A,7,Élévations latérales,3×12-15,1,8,12,1,"8 kg strict, pause 1s top"
18/08/2026,Upper A,7,Élévations latérales,3×12-15,2,8,9,0,"8 kg strict, pause 1s top"
19/08/2026,Lower A,1,Back squat barre,4×5-8,1,77.5,5,2,[Home]
19/08/2026,Lower A,1,Back squat barre,4×5-8,2,77.5,5,1,[Home]
19/08/2026,Lower A,1,Back squat barre,4×5-8,3,77.5,5,1,[Home]
19/08/2026,Lower A,1,Back squat barre,4×5-8,4,77.5,5,1,[Home]
19/08/2026,Lower A,2,Bulgarian split squat,4×10/leg,1,36,10,2,[Home]
19/08/2026,Lower A,2,Bulgarian split squat,4×10/leg,2,36,10,1,[Home]
19/08/2026,Lower A,3,Romanian deadlift barre,4×8,1,71.5,8,1,"[Home] start light, ramping"
19/08/2026,Lower A,3,Romanian deadlift barre,4×8,2,71.5,7,2,"[Home] start light, ramping"
19/08/2026,Lower A,3,Romanian deadlift barre,4×8,3,71.5,7,1,"[Home] start light, ramping"
19/08/2026,Lower A,3,Romanian deadlift barre,4×8,4,71.5,7,1,"[Home] start light, ramping"
20/08/2026,Upper B,1,Standing OHP barbell,4×5-8,1,33.5,6,1,[Home]
20/08/2026,Upper B,1,Standing OHP barbell,4×5-8,2,33.5,7,1,[Home]
20/08/2026,Upper B,1,Standing OHP barbell,4×5-8,3,33.5,6,1,[Home]
20/08/2026,Upper B,1,Standing OHP barbell,4×5-8,4,33.5,6,1,[Home]
20/08/2026,Upper B,2,Élévations latérales,4×10-15,1,8,12,2,"[Home] lead elbow, pause 1s top"
20/08/2026,Upper B,2,Élévations latérales,4×10-15,2,8,12,1,"[Home] lead elbow, pause 1s top"
20/08/2026,Upper B,2,Élévations latérales,4×10-15,3,8,12,1,"[Home] lead elbow, pause 1s top"
20/08/2026,Upper B,2,Élévations latérales,4×10-15,4,8,10,1,"[Home] lead elbow, pause 1s top"
20/08/2026,Upper B,3,Curl pupitre,4×10,1,12,10,1,[Home]
20/08/2026,Upper B,3,Curl pupitre,4×10,2,12,8,1,[Home]
20/08/2026,Upper B,3,Curl pupitre,4×10,3,12,7,0,[Home]
20/08/2026,Upper B,3,Curl pupitre,4×10,4,12,7,0,[Home]
20/08/2026,Upper B,4,Overhead triceps,4×10,1,32,12,1,[Home] Curl incline bench à la place de curl pupitre
20/08/2026,Upper B,4,Overhead triceps,4×10,2,32,9,1,[Home] Curl incline bench à la place de curl pupitre
20/08/2026,Upper B,4,Overhead triceps,4×10,3,32,7,0,[Home] Curl incline bench à la place de curl pupitre
20/08/2026,Upper B,4,Overhead triceps,4×10,4,32,9,1,[Home] Curl incline bench à la place de curl pupitre
20/08/2026,Upper B,5,Curl allongé poulie basse,4×10,1,8,12,3,[Home] Remplacer par curl pupitre
20/08/2026,Upper B,5,Curl allongé poulie basse,4×10,2,10,8,2,[Home] Remplacer par curl pupitre
20/08/2026,Upper B,5,Curl allongé poulie basse,4×10,3,10,10,2,[Home] Remplacer par curl pupitre
20/08/2026,Upper B,6,Triceps barre poulie haute,4×10,1,44,12,2,[Home]
20/08/2026,Upper B,6,Triceps barre poulie haute,4×10,2,44,12,1,[Home]
20/08/2026,Upper B,6,Triceps barre poulie haute,4×10,3,44,10,0,[Home]
20/08/2026,Upper B,7,Reverse curl EZ,3×10,1,30,11,1,[Home] À la poulis
20/08/2026,Upper B,7,Reverse curl EZ,3×10,2,30,7,0,[Home] À la poulis
20/08/2026,Upper B,8,Hammer curl,3×10,1,12,10,0,[Home]
20/08/2026,Upper B,8,Hammer curl,3×10,2,10,10,1,[Home]
22/08/2026,Lower B,1,Hack squat,4×10,1,45,8,2,[BF Saint-Louis] Bug in the app the weight i saw I did last sessions was 40kg. Basic fit Martigues and basic fit Saint Louis are the same machine
22/08/2026,Lower B,1,Hack squat,4×10,2,45,8,1,[BF Saint-Louis] Bug in the app the weight i saw I did last sessions was 40kg. Basic fit Martigues and basic fit Saint Louis are the same machine
22/08/2026,Lower B,1,Hack squat,4×10,3,45,8,1,[BF Saint-Louis] Bug in the app the weight i saw I did last sessions was 40kg. Basic fit Martigues and basic fit Saint Louis are the same machine
22/08/2026,Lower B,1,Hack squat,4×10,4,45,8,1,[BF Saint-Louis] Bug in the app the weight i saw I did last sessions was 40kg. Basic fit Martigues and basic fit Saint Louis are the same machine
22/08/2026,Lower B,2,Leg curl allongé,3×10,1,38,10,1,[BF Saint-Louis] Same here last sessions  did 38kg
22/08/2026,Lower B,2,Leg curl allongé,3×10,2,38,8,1,[BF Saint-Louis] Same here last sessions  did 38kg
22/08/2026,Lower B,2,Leg curl allongé,3×10,3,38,8,1,[BF Saint-Louis] 3rd set added per correction (RIR assumed 1)
22/08/2026,Lower B,3,Leg extension,3×10-12,1,70,10,2,[BF Saint-Louis] Same here and I cannot recall weight i did last time
22/08/2026,Lower B,3,Leg extension,3×10-12,2,70,10,1,[BF Saint-Louis] Same here and I cannot recall weight i did last time
22/08/2026,Lower B,3,Leg extension,3×10-12,3,70,10,0,[BF Saint-Louis] Same here and I cannot recall weight i did last time
22/08/2026,Lower B,4,Weighted jackknife,4×12,1,36,10,1,[BF Saint-Louis] 34 kg → 36 when 4×12 clean
22/08/2026,Lower B,4,Weighted jackknife,4×12,2,36,10,1,[BF Saint-Louis] 34 kg → 36 when 4×12 clean
22/08/2026,Lower B,4,Weighted jackknife,4×12,3,36,10,1,[BF Saint-Louis] 34 kg → 36 when 4×12 clean
22/08/2026,Lower B,5,Russian twist,3×20,1,28,10,1,[BF Saint-Louis] default 20 kg
22/08/2026,Lower B,5,Russian twist,3×20,2,28,10,1,[BF Saint-Louis] default 20 kg
22/08/2026,Lower B,6,Leg raise slow,1×25,1,0,10,5,"[BF Saint-Louis] or 2×15, BW"
22/08/2026,Lower B,7,Sit-ups feet on ground (optionnel),1×25,1,0,18,1,"[BF Saint-Louis] slow finisher, optional"
23/08/2026,Upper C,1,Pull-ups (BW ou lestés),4×max (5-8),1,0,8,1,[BF Saint-Louis] FRESH first — hardest movement
23/08/2026,Upper C,1,Pull-ups (BW ou lestés),4×max (5-8),2,0,8,1,[BF Saint-Louis] FRESH first — hardest movement
23/08/2026,Upper C,1,Pull-ups (BW ou lestés),4×max (5-8),3,0,7,1,[BF Saint-Louis] FRESH first — hardest movement
23/08/2026,Upper C,1,Pull-ups (BW ou lestés),4×max (5-8),4,0,7,1,[BF Saint-Louis] FRESH first — hardest movement
23/08/2026,Upper C,2,Développé incliné haltères,3×8-10,1,24,10,1,[BF Saint-Louis] 22 kg start
23/08/2026,Upper C,2,Développé incliné haltères,3×8-10,2,24,9,0,[BF Saint-Louis] 22 kg start
23/08/2026,Upper C,2,Développé incliné haltères,3×8-10,3,24,8,0,[BF Saint-Louis] 22 kg start
23/08/2026,Upper C,3,Tirage horizontal prise large,3×10,1,45,10,1,[BF Saint-Louis] order 3-4 flexible by machine
23/08/2026,Upper C,3,Tirage horizontal prise large,3×10,2,45,10,1,[BF Saint-Louis] order 3-4 flexible by machine
23/08/2026,Upper C,3,Tirage horizontal prise large,3×10,3,45,10,1,[BF Saint-Louis] order 3-4 flexible by machine
23/08/2026,Upper C,4,Écarté haltère pec,3×10-12,1,18,10,2,[BF Saint-Louis]
23/08/2026,Upper C,4,Écarté haltère pec,3×10-12,2,18,10,1,[BF Saint-Louis]
23/08/2026,Upper C,4,Écarté haltère pec,3×10-12,3,18,10,0,[BF Saint-Louis]
23/08/2026,Upper C,5,Pull-over cable,3×12,1,38,12,3,[BF Saint-Louis] I am using barre droite to try not the rope this time
23/08/2026,Upper C,5,Pull-over cable,3×12,2,38,12,1,[BF Saint-Louis] I am using barre droite to try not the rope this time
23/08/2026,Upper C,5,Pull-over cable,3×12,3,38,10,1,[BF Saint-Louis] I am using barre droite to try not the rope this time
24/08/2026,Upper B,1,Standing OHP barbell,4×5-8,1,35,6,2,[BF Saint-Louis]
24/08/2026,Upper B,1,Standing OHP barbell,4×5-8,2,35,6,1,[BF Saint-Louis]
24/08/2026,Upper B,1,Standing OHP barbell,4×5-8,3,35,6,1,[BF Saint-Louis]
24/08/2026,Upper B,1,Standing OHP barbell,4×5-8,4,35,6,1,[BF Saint-Louis]
24/08/2026,Upper B,2,Élévations latérales,4×10-15,1,8,15,1,"[BF Saint-Louis] lead elbow, pause 1s top"
24/08/2026,Upper B,2,Élévations latérales,4×10-15,2,8,12,1,"[BF Saint-Louis] lead elbow, pause 1s top"
24/08/2026,Upper B,2,Élévations latérales,4×10-15,3,8,12,1,"[BF Saint-Louis] lead elbow, pause 1s top"
24/08/2026,Upper B,2,Élévations latérales,4×10-15,4,8,10,1,"[BF Saint-Louis] lead elbow, pause 1s top"
24/08/2026,Upper B,3,Curl pupitre,4×10,1,12,9,0,[BF Saint-Louis]
24/08/2026,Upper B,3,Curl pupitre,4×10,2,12,9,0,[BF Saint-Louis]
24/08/2026,Upper B,3,Curl pupitre,4×10,3,12,8,1,[BF Saint-Louis]
24/08/2026,Upper B,3,Curl pupitre,4×10,4,12,7,0,[BF Saint-Louis]
24/08/2026,Upper B,4,Overhead triceps,4×10,1,32,12,1,[BF Saint-Louis]
24/08/2026,Upper B,4,Overhead triceps,4×10,2,32,12,1,[BF Saint-Louis]
24/08/2026,Upper B,4,Overhead triceps,4×10,3,32,10,1,[BF Saint-Louis]
24/08/2026,Upper B,4,Overhead triceps,4×10,4,32,10,1,[BF Saint-Louis]
24/08/2026,Upper B,5,Curl allongé poulie basse,4×10,1,19,7,0,[BF Saint-Louis] Curl pupitre machine basic fit
24/08/2026,Upper B,5,Curl allongé poulie basse,4×10,2,15,10,1,[BF Saint-Louis] Curl pupitre machine basic fit
24/08/2026,Upper B,5,Curl allongé poulie basse,4×10,3,15,10,1,[BF Saint-Louis] Curl pupitre machine basic fit
24/08/2026,Upper B,6,Triceps barre poulie haute,4×10,1,45,12,1,[BF Saint-Louis]
24/08/2026,Upper B,6,Triceps barre poulie haute,4×10,2,45,12,1,[BF Saint-Louis]
24/08/2026,Upper B,6,Triceps barre poulie haute,4×10,3,45,11,1,[BF Saint-Louis]
24/08/2026,Upper B,7,Reverse curl EZ,3×10,1,30,11,1,[BF Saint-Louis] A la poulis
24/08/2026,Upper B,7,Reverse curl EZ,3×10,2,30,10,1,[BF Saint-Louis] A la poulis
24/08/2026,Upper B,7,Reverse curl EZ,3×10,3,30,10,1,[BF Saint-Louis] A la poulis
25/08/2026,Lower A,1,Back squat barre,4×5-8,1,79.5,5,1,[Home]
25/08/2026,Lower A,1,Back squat barre,4×5-8,2,79.5,5,0,[Home]
25/08/2026,Lower A,1,Back squat barre,4×5-8,3,79.5,3,1,[Home]
25/08/2026,Lower A,1,Back squat barre,4×5-8,4,79.5,3,1,[Home]
25/08/2026,Lower A,2,Bulgarian split squat,4×10/leg,1,32,12,2,[Home] One dumbell unilateral
25/08/2026,Lower A,2,Bulgarian split squat,4×10/leg,2,32,12,1,[Home] One dumbell unilateral
25/08/2026,Lower A,2,Bulgarian split squat,4×10/leg,3,32,12,1,[Home] One dumbell unilateral
25/08/2026,Lower A,3,Romanian deadlift barre,4×8,1,71.5,8,1,"[Home] start light, ramping"
25/08/2026,Lower A,3,Romanian deadlift barre,4×8,2,71.5,7,1,"[Home] start light, ramping"
27/08/2026,Upper A,1,Tirage vertical prise large,3×8-10,1,59,12,2,"[BF Saint-Louis] Prise un peu plus large que d’habitude full ROM, no partials control du mouvement . Mouvement parfait bonne sensation. Control tout au long du mouvement"
27/08/2026,Upper A,1,Tirage vertical prise large,3×8-10,2,59,11,1,"[BF Saint-Louis] Prise un peu plus large que d’habitude full ROM, no partials control du mouvement . Mouvement parfait bonne sensation. Control tout au long du mouvement"
27/08/2026,Upper A,1,Tirage vertical prise large,3×8-10,3,59,10,1,"[BF Saint-Louis] Prise un peu plus large que d’habitude full ROM, no partials control du mouvement . Mouvement parfait bonne sensation. Control tout au long du mouvement"
27/08/2026,Upper A,2,Tirage horizontal prise serré,3×10,1,47,11,1,"[BF Saint-Louis] full ROM, no partials"
27/08/2026,Upper A,2,Tirage horizontal prise serré,3×10,2,47,9,1,"[BF Saint-Louis] full ROM, no partials"
27/08/2026,Upper A,2,Tirage horizontal prise serré,3×10,3,47,9,1,"[BF Saint-Louis] full ROM, no partials"
27/08/2026,Upper A,3,Développé couché barre,4×5-8,1,67.5,7,0,[BF Saint-Louis] With assistance
27/08/2026,Upper A,3,Développé couché barre,4×5-8,2,67.5,6,0,[BF Saint-Louis] With assistance
27/08/2026,Upper A,3,Développé couché barre,4×5-8,3,67.5,5,0,[BF Saint-Louis] With assistance
27/08/2026,Upper A,3,Développé couché barre,4×5-8,4,50,11,2,[BF Saint-Louis] With assistance
27/08/2026,Upper A,4,Tirage vertical unilatéral,3×10,1,50,10,2,[BF Saint-Louis]
27/08/2026,Upper A,4,Tirage vertical unilatéral,3×10,2,50,10,1,[BF Saint-Louis]
27/08/2026,Upper A,4,Tirage vertical unilatéral,3×10,3,50,8,1,[BF Saint-Louis]
27/08/2026,Upper A,5,Dips (lestés ou BW),3×8-10,1,7.5,8,1,[BF Saint-Louis]
27/08/2026,Upper A,5,Dips (lestés ou BW),3×8-10,2,7.5,6,0,[BF Saint-Louis]
27/08/2026,Upper A,6,Shrug barre,3×12-15,1,85,12,1,"[BF Saint-Louis] 72.5-75 kg, true superset"
27/08/2026,Upper A,6,Shrug barre,3×12-15,2,85,7,0,"[BF Saint-Louis] 72.5-75 kg, true superset"
27/08/2026,Upper A,7,Élévations latérales,3×12-15,1,8,12,0,"[BF Saint-Louis] 8 kg strict, pause 1s top"
28/08/2026,Lower B,1,Hack squat,4×10,1,47.5,8,2,[Basic Fit]
28/08/2026,Lower B,1,Hack squat,4×10,2,47.5,8,2,[Basic Fit]
28/08/2026,Lower B,1,Hack squat,4×10,3,47.5,8,1,[Basic Fit]
28/08/2026,Lower B,1,Hack squat,4×10,4,47.5,8,1,[Basic Fit]
28/08/2026,Lower B,2,Leg curl allongé,3×10,1,38,10,1,[Basic Fit]
28/08/2026,Lower B,2,Leg curl allongé,3×10,2,38,9,0,[Basic Fit]
28/08/2026,Lower B,2,Leg curl allongé,3×10,3,38,8,0,[Basic Fit]
28/08/2026,Lower B,3,Leg extension,3×10-12,1,73,10,1,[Basic Fit]
28/08/2026,Lower B,3,Leg extension,3×10-12,2,73,9,1,[Basic Fit]
28/08/2026,Lower B,3,Leg extension,3×10-12,3,73,8,0,[Basic Fit]
28/08/2026,Lower B,4,Weighted jackknife,4×12,1,36,12,1,[Basic Fit] 34 kg → 36 when 4×12 clean
28/08/2026,Lower B,4,Weighted jackknife,4×12,2,36,10,1,[Basic Fit] 34 kg → 36 when 4×12 clean
28/08/2026,Lower B,4,Weighted jackknife,4×12,3,36,8,0,[Basic Fit] 34 kg → 36 when 4×12 clean
28/08/2026,Lower B,5,Russian twist,3×20,1,28,12,1,[Basic Fit] default 20 kg
28/08/2026,Lower B,5,Russian twist,3×20,2,28,10,1,[Basic Fit] default 20 kg
28/08/2026,Lower B,6,Sit-ups feet on ground (optionnel),1×25,1,,14,0,"[Basic Fit] slow finisher, optional"
